sphere,code,method,equalMethods,samplingType,so_short_name,measurementInterval,measurementIntervalUnit,measurementsPerYear,minimumSamplePerSite,maximumSamplePerSite,purchasePrice,purchasePriceUnit,installationEffort,installationEffortUnit,upgradeInterval,upgradeIntervalUnit,maintenancePrice,maintenancePriceUnit,maintenanceEffort,maintenanceEffortUnit,samplingPrice,samplingPriceUnit,samplingEffort,samplingEffortUnit,samplingPersonnel,labAnalysisPrice,labAnalysisPriceUnit,processingRawDataEffort,processingRawDataEffortUnit,processingRawDataPersonnel,operationEffortCode,totalHumanLabor,so,soBundles,protocol,sensorType,methodsNotes,installationNotes,operationNotes
Atmosphere,SOATM_027,basic,FALSE,sensor,Meteorological data (SOATM_027),30,minute,17532,1,1,7000,euro,1,day,7,year,1000,euro,1,day/year,0,euro,0,day/year,,0,euro,1.5,day/year,,1,3.5,Meteorological data,"Meteorology bundle: relative air humidity, precipitation, air temperature, wind speed/wind direction, surface atmospheric pressure",ICP FORESTS;,in accordance with WMO,,,
Atmosphere,SOATM_028,basic,FALSE,sensor,Radiation (SOATM_028),30,minute,17532,1,1,1000,euro,0.1,day,7,year,100,euro,0.025,day/year,0,euro,0,day/year,,0,euro,0.1,day/year,,0,0.225,Radiation,Global radiation (incoming and reflected),WMO (ICP Forests if available),in accordance with WMO standards,,,
Atmosphere,SOATM_103,basic,TRUE,sample,Atmospheric deposition in precipitation (SOATM_103),2,week,26.08928571428572,3,5,250,euro,0.1,day,10,year,50,euro,0.1,day/year,0,euro,2,day/year,,100,euro,0.2,day/year,,0,2.4,Atmospheric deposition in precipitation,"in precipitation: Bulk NH4-N, NO3-N, NO2-N, Ntot, SO4, PO4-P, K, pH, anion, cation, DOC, alkalinity, electrical conductivity",ICP Forests,Bulk sampler + laboratory analyis,,,
Atmosphere,SOATM_108,basic,FALSE,retrieval,Dry deposition of N-components (SOATM_108),1,year,1,1,1,0,euro,0,day,0,year,0,euro,0,day/year,0,euro,0,day/year,,0,euro,0.1,day/year,,0,0.1,Dry deposition of N-components,Dry deposition of N-components,ICP Forests (Staelens et al),in forests: canopy exchange calculation based on ion budget from precipitation and throughfall,,,
Atmosphere,SOBIO_015,basic,TRUE,retrieval,Phenological traits (Remote Sensing) (SOBIO_015),2,week,26.08928571428572,1,1,0,euro,0,day,0,year,0,euro,0,day/year,0,euro,0,day/year,,0,euro,1,day/year,,0,1,Vegetation phenology and Leaf Area Index – European scale,"phenological traits (including start, maximum, end of season), LAI",Protocols described in e.g. https://land.copernicus.eu/user-corner/technical-library/product-user-manual-of-seasonal-trajectories/; Protocols described in e.g. https://land.copernicus.eu/user-corner/technical-library/product-user-manual-of-seasonal-trajectories/;,"several optical remote sensing derived indexes (including NDVI, LAI etc.). Sentinel 2/MSI by Copernicus currently the most promising one",,,
Atmosphere,SOBIO_023,basic,TRUE,mixed,Forest - Aboveground biomass (SOBIO_023),3,year,0.3333333333333333,1,1,0,euro,0,day,0,year,0,euro,0,day/year,0,euro,0.3333333333333333,day/year,,0,euro,0.5,day/year,,1,0.8333333333333333,Vegetation aboveground biomass - forest (site scale),annual aboveground vegetation biomass,"ICP Forest, EFI",forest inventory,,,
Atmosphere,SOBIO_024,basic,FALSE,mixed,Non-forest - Aboveground biomass (SOBIO_024),1,year,1,1,1,100,euro,0.1,day,20,year,0,euro,0,day/year,0,euro,0.5,day/year,,100,euro,0.1,day/year,,1,0.7,Vegetation aboveground biomass – non-forested sites,Aboveground biomass – non-forested sites,ICOS,"clipping, harvest, or electronic grassland platemeter (depends on habitat)",,,
Atmosphere,SOBIO_092,basic,TRUE,sample,Forests - Litterfall (SOBIO_092),1,month,12,1,1,500,euro,0.2,day,5,year,50,euro,0.1,day/year,0,euro,0.1,day/year,,50,euro,1,day/year,,1,1.4,Aboveground litterfall - forests,Aboveground litterfall - forests,"ICP Forests, ICOS",Sampling nets,,,
Atmosphere,SOATM_027,prime,FALSE,sensor,Meteorological data (SOATM_027),20,second,1577880,1,1,8000,euro,1.5,day,7,year,1500,euro,1,day/year,0,euro,0,day/year,,0,euro,0.5,day/year,,1,3,Meteorological data,"Meteorology bundle: relative air humidity, precipitation, air temperature, wind speed/wind direction, surface atmospheric pressure","ICOS; NEON, Tereno, ICP Forests","comparable or better than: PT100, PT1000; Belfort AEPG II 600M weighing gauge; Electrical capacitive hygrometers; Electronic barometers; 3D-Sonic Anemometer, HMP155 for air temp and humidity",,,
Atmosphere,SOATM_028,prime,FALSE,sensor,Radiation (SOATM_028),20,second,1577880,1,1,14000,euro,1,day,7,year,2000,euro,0.5,day/year,0,euro,0,day/year,,0,euro,0.5,day/year,,2,2,Radiation,"Radiation bundle: PPFD, Global radiation (incoming and reflected), diffuse shortwave radiation, long-wave radiation (incoming and reflected), UV-B","ICOS, ICP Forests, ACTRIS?",pyranometer (short-wave radiation); upward-looking radiometer (pyranometer or quantum sensor) with shading device (diffuse radiation); in accordance with WMO: https://library.wmo.int/doc_num.php?explnum_id=10616; quantum sensor,,,
Atmosphere,SOATM_098,prime,FALSE,sensor,Ground heat flux (SOATM_098),1,minute,525960,1,1,4000,euro,0.5,day,7,year,200,euro,0.5,day/year,0,euro,0,day/year,,0,euro,1,day/year,,2,2,Ground heat flux,Ground heat flux,ICOS,"Soil heat flux plates; soil heat flux plates (self calibrating), number of sensors depending on heterogeneity of ecosystem type",,,
Atmosphere,SOATM_103,prime,TRUE,sample,Atmospheric deposition in precipitation (SOATM_103),2,week,26.08928571428572,3,5,250,euro,0.1,day,10,year,50,euro,0.1,day/year,0,euro,2,day/year,,100,euro,0.2,day/year,,0,2.4,Atmospheric deposition in precipitation,"in precipitation: Bulk NH4-N, NO3-N, NO2-N, Ntot, SO4, PO4-P, K, pH, anion, cation, DOC, alkalinity, electrical conductivity",ICP Forests,Bulk sampler,,,
Atmosphere,SOATM_108,prime,FALSE,sample,Dry deposition of N-components (SOATM_108),2,week,26.08928571428572,2,3,2000,euro,0.1,day,5,year,100,euro,0.1,day/year,250,euro,1,day/year,,50,euro,2,day/year,,1,3.2,Dry deposition of N-components,Dry deposition of N-components,Radiello,passive sampler (gaseous compounds); string sampler (particulates),,,
Atmosphere,SOATM_176,prime,FALSE,sensor,Eddy covariance (SOATM_176),0.1,second,315576000,1,1,60000,euro,2,day,7,year,2000,euro,20,day/year,0,euro,0,day/year,,0,euro,10,day/year,,2,32,"CO2 flux and concentration, Latent heat flux, Sensible heat flux - Eddy Covariance","CO2 flux and concentration, Latent heat flux, Sensible heat flux",ICOS,"eddy covariance (3D sonic anemometer and Gas analyzer, data acquisition etc)",,,
Atmosphere,SOBIO_015,prime,TRUE,retrieval,Phenological traits (Remote Sensing) (SOBIO_015),2,week,26.08928571428572,1,,0,euro,0,day,0,year,0,euro,0,day/year,0,euro,0,day/year,,0,euro,0.1,day/year,,1,0.1,Vegetation phenology and Leaf Area Index – European scale,"phenological traits (including start, maximum, end of season), LAI",Protocols described in e.g. https://land.copernicus.eu/user-corner/technical-library/product-user-manual-of-seasonal-trajectories/; Protocols described in e.g. https://land.copernicus.eu/user-corner/technical-library/product-user-manual-of-seasonal-trajectories/; alternatively PhenoCam Network,"several optical remote sensing derived indexes (including NDVI, LAI etc.). Sentinel 2/MSI by Copernicus currently the most promising one",,,
Atmosphere,SOBIO_016,prime,FALSE,sensor,Phenological traits (on-site) (SOBIO_016),6,hour,1461,1,,1200,euro,0.2,day,5,year,100,euro,0.1,day/year,0,euro,0,day/year,,0,euro,0.5,day/year,,1,0.8,Vegetation phenology – site scale,"phenological traits (including start, maximum, end of season)","PhenoCam Network; also ICOS (in progress), should be more than one image per day to consider unfair weather conditions",Phenocam,,,
Atmosphere,SOBIO_023,prime,TRUE,mixed,Forest - Aboveground biomass (SOBIO_023),3,year,0.3333333333333333,1,1,100,euro,1,day,20,year,100,euro,0.5,day/year,100,euro,0.5,day/year,,0,euro,0.5,day/year,,1,2.5,Vegetation aboveground biomass - forest (site scale),annual aboveground vegetation biomass,"ICP Forest, EFI",forest inventory,,,"operationEffortCode: 1,2"
Atmosphere,SOBIO_024,prime,FALSE,sensor,Non-forest - Aboveground biomass (SOBIO_024),1,week,52.17857142857143,,,,euro,,day,,year,,euro,,day/year,,euro,,day/year,,,euro,,day/year,,,,Vegetation aboveground biomass – non-forested sites,Aboveground biomass – non-forested sites,"Murphy, D.J., O’Brien, B., Hennessy, D., Hurley, M. and Murphy, M.D., 2021. Evaluation of the precision of the rising plate meter for measuring compressed sward height on heterogeneous grassland swards. Precision Agriculture, 22(3), pp.922-946.",eletronic grassland platemeter,,purchasePrice: under discussion,
Atmosphere,SOBIO_025,prime,FALSE,sensor,Forest - LAI (SOBIO_025),1,year,1,1,1,6000,euro,0.1,day,10,year,1000,euro,0.25,day/year,0,euro,1,day/year,,0,euro,1,day/year,,1,2.35,Leaf area index - forests (site scale),Leaf area index - forests,"ICOS, ICP F","forests: digital hemispherical photography if seasonal max LAI (Green Area index) is max. < 6 m²/m², linear ceptometry if seasonal max LAI (Green Area index) is max. > 6 m²/m²",,,
Atmosphere,SOBIO_026,prime,,sensor,Non-forest - LAI (SOBIO_026),1,year,1,1,1,20000,euro,1,day,10,year,1000,euro,0.25,day/year,0,euro,0,day/year,,0,euro,1,day/year,,1,2.25,Leaf area index – non-forested sites,Leaf area index – non-forested sites,ICOS,linear ceptometry,,,
Atmosphere,SOBIO_090,prime,FALSE,retrieval,Gross primary production (SOBIO_090),30,minute,17532,1,1,0,euro,0,day,7,year,0,euro,0,day/year,0,euro,0,day/year,,0,euro,1,day/year,,2,1,Gross primary production,GPP calculated vom EddyCovariance measurement,ICOS,derived from NEE (EC),,,
Atmosphere,SOBIO_091,prime,FALSE,sensor,Transpiration (SOBIO_091),10,minute,52596,1,1,7000,euro,0.7,day,3,year,1000,euro,0.5,day/year,0,euro,0,day/year,,0,euro,1,day/year,,2,2.2,Transpiration (plants),Transpiration (plants),"proprietory manuals, sensor specific; not well established protocols",Sap flow in forests; Sap flow meters (see https://treewatch.net/); sapflow sensors (heat pulse velocity / heat ratio method); https://sapfluxnet.creaf.cat/,,,
Atmosphere,SOBIO_092,prime,TRUE,sample,Forests - Litterfall (SOBIO_092),1,month,12,1,1,500,euro,0.5,day,5,year,50,euro,0.1,day/year,0,euro,1.5,day/year,,50,euro,8,day/year,,1,10.1,Aboveground litterfall - forests,Aboveground litterfall - forests,"ICP Forests, ICOS",Sampling nets,,,
Atmosphere,SOBIO_093,prime,FALSE,sample,Belowground biomass (SOBIO_093),1,year,1,1,1,50,euro,4,day,20,year,0,euro,0,day/year,0,euro,0,day/year,,0,euro,0.1,day/year,,1,4.1,Belowground biomass - terrestrial,Belowground biomass - terrestrial,Literature,campaign and allometric equations,,,
Atmosphere,SOBIO_095,prime,FALSE,sample,Leaf - Elements (SOBIO_095),2,year,0.5,1,1,0,euro,0,day,5,year,50,euro,0.1,day/year,0,euro,7,day/year,,2500,euro,0.5,day/year,,1,7.6,"Leaf C, N, K, P, Ca, Mg, Mn content - terrestrial",Leaf elements bundle -terrestrial,"ICP Forests, ICP IM",lab analysis of leaf samples; leaf sampling,,,
Atmosphere,SOBIO_140,prime,FALSE,retrieval,Vegetation - LiDAR (SOBIO_140),3,year,0.3333333333333333,1,1,0,euro,0,day,0,year,0,euro,0,day/year,0,euro,0,day/year,,0,euro,0,day/year,,0,0,Vegetation structure - site scale,Vegetation structure,ICOS,Terrestrial LiDAR,,,
Atmosphere,SOBIO_177,prime,FALSE,sensor,Tree growth (SOBIO_177),1,hour,8766,10,10,250,euro,1,day,5,year,250,euro,0.5,day/year,0,euro,0,day/year,,0,euro,1,day/year,,2,2.5,Tree growth,tree growth,"ICOS, TreeNet",automated point dendrometers or band dendrometers,,,
Biosphere,SOBIO_014,basic,FALSE,sample,Flying - insects (SOBIO_014),2,week,10.92857,1,1,500,euro,0.2,day,1,year,0,euro,0.5,day/year,150,euro,0.25,day/year,,100,euro,0,day/year,,1,0.95,Flying insects,Flying insects,Lifeplan; SPRING,Malaise traps (biomass and DNA metabarcoding),measurementInterval: from Mid April to Mid September,,
Biosphere,SOBIO_017,basic,FALSE,sample,Vegetation - composition (SOBIO_017),5,year,0.2,3,3,60,euro,0.25,day,10,year,0,euro,0,day/year,0,euro,0.4,day/year,,0,euro,0.2,day/year,,2,0.8500000000000001,Vegetation composition (mainly species abundance),Ground vegetation,national/site specific protocol,national/site specific protocol; exisiting protocols should be continued (legacy),,,
Biosphere,SOBIO_018,basic,TRUE,sensor,Acoustic recording (SOBIO_018),10,minute,30816,1,3,700,euro,0.2,day,3,year,0,euro,0.5,day/year,0,euro,0.5,day/year,,0,euro,0,day/year,,1,1.2,"Birds, bats, frogs, insects using acoustic recording","Birds, bats, (frogs, insects)",Lifeplan,Audiomoth set for bats and all other taxa groups,"measurementInterval: weekly or biweekly (changing memory cards); automated measurements: daily, every 10 mins for 1 min (Lifeplan protocol) March 1st - September 30th",,
Biosphere,SOBIO_021,basic,FALSE,sample,eDNA Water (SOBIO_021),1,year,1,1,1,0,euro,0,day,0,year,0,euro,0,day/year,50,euro,0.25,day/year,,100,euro,0,day/year,,1,0.25,eDNA water,eDNA Water,eLTER RA protocol,eLTER eDNA water sampling kit,,,
Biosphere,SOBIO_022,basic,FALSE,sample,eDNA soil  (SOBIO_022),1,year,1,1,1,0,euro,0,day,0,year,0,euro,0,day/year,50,euro,0.25,day/year,,100,euro,0,day/year,,1,0.25,eDNA soil,eDNA soil,SOILBON protocol,SOILBON sampling kit,,,
Biosphere,SOBIO_096,basic,FALSE,sample,Surface water - clorophyll (SOBIO_096),1,month,12,1,1,200,euro,0,day,10,year,0,euro,0,day/year,0,euro,0.1,day/year,,50,euro,0.3,day/year,,2,0.4,"Chlorophyll a (benthic, pelagic) - standing, running waters","Chlorophyll a (benthic, pelagic) - standing, running waters","WFD, MSFD, for running water only if required by the WFD",Manual sampling and lab analysis,,,
Biosphere,SOHYD_172,basic,FALSE,sample,Running water - P/N (SOHYD_172),1,month,12,1,1,0,euro,0,day,0,year,100,euro,0,day/year,0,euro,1,day/year,,45,euro,0,day/year,,2,1,"Nutrient concentration: TP, SRP, TDN, NO3 - running waters","TP, SRP, TDN, NO3,",WFD; ICP Water,Laboratory analysis; only during vegetation period,,,
Biosphere,SOHYD_173,basic,FALSE,sample,Standing water - Profiles P/N (SOHYD_173),1,month,12,1,1,0,euro,0,day,0,year,100,euro,0,day/year,0,euro,1,day/year,,135,euro,0,day/year,,2,1,"Profiles of nutrient concentration: TP, SRP, TDN, NO3, - standing waters","TP, SRP, TDN, NO3,",WFD; ICP Water,Laboratory analysis; only during vegetation period,,,
Biosphere,SOBIO_014,prime,FALSE,sample,Flying - insects (SOBIO_014),2,week,17.42857,1,1,500,euro,0.2,day,1,year,0,euro,0.5,day/year,150,euro,0.25,day/year,,100,euro,0,day/year,,1,0.95,Flying insects,Flying insects,Lifeplan; SPRING,Malaise traps (biomass and DNA metabarcoding),"measurementInterval: 2-week frequency, March 1st-October 31st",,
Biosphere,SOBIO_017,prime,FALSE,sample,Vegetation - composition (SOBIO_017),3,year,0.3333333333333333,3,3,60,euro,0.25,day,10,year,0,euro,0,day/year,0,euro,0.6,day/year,,0,euro,0.3,day/year,,2,1.15,Vegetation composition (mainly species level+abundance),Ground vegetation,consider ICP IM (including extended IM suplement); consider ICP IM (including extended IM supplement),national/site specific protocol; exisiting protocols should be continued (legacy),,,
Biosphere,SOBIO_018,prime,TRUE,sensor,Acoustic recording (SOBIO_018),10,minute,30816,1,3,700,euro,0.2,day,3,year,0,euro,0.5,day/year,0,euro,0.5,day/year,,0,euro,0,day/year,,1,1.2,"Birds, bats, frogs, insects using acoustic recording","Birds, bats, (frogs, insects)",Lifeplan,Audiomoth set for bats and all other taxa groups; AI based species identification,"measurementInterval: weekly or biweekly (changing memory cards); automated measurements: daily, every 10 mins for 1 min (Lifeplan protocol) March 1st - September 30th",,
Biosphere,SOBIO_019,prime,FALSE,sensor,Pollen and spores (SOBIO_019),1,week,52.17857142857143,1,1,4000,euro,0.2,day,10,year,0,euro,0.5,day/year,0,euro,0.5,day/year,,0,euro,0,day/year,,1,1.2,Pollen and spores,Pollen and spores,Lifeplan version,"Cyclone sampler; AI: image recognition,",,,
Biosphere,SOBIO_021,prime,FALSE,sample,eDNA Water (SOBIO_021),3,month,4,3,3,0,euro,0,day,0,year,0,euro,0,day/year,200,euro,1,day/year,,0,euro,0,day/year,,1,1,eDNA Water,eDNA Water,eLTER RA protocol,eLTER eDNA water sampling kit,,,
Biosphere,SOBIO_022,prime,FALSE,sample,eDNA soil  (SOBIO_022),3,month,4,3,3,0,euro,0,day,0,year,0,euro,0,day/year,200,euro,1,day/year,,0,euro,0,day/year,,1,1,eDNA soil,eDNA soil,SoilBON protocol,SOILBON sampling kit,,,
Biosphere,SOBIO_096,prime,FALSE,sensor,Surface water - clorophyll (SOBIO_096),1,hour,8766,1,5,3500,euro,0.2,day,5,year,400,euro,0.2,day/year,0,euro,0.1,day/year,,0,euro,0.5,day/year,,2,1,"Chlorophyll a (benthic, pelagic) - standing, running waters","Chlorophyll a (benthic, pelagic) - standing, running waters","WFD, MSFD",Fluorimetric probe,,,
Biosphere,SOHYD_172,prime,FALSE,sample,Running water - P/N (SOHYD_172),2,week,26.08928571428572,1,1,0,euro,0,day,0,year,100,euro,0,day/year,0,euro,2,day/year,,45,euro,0,day/year,,2,2,"Nutrient concentration: TP, SRP, TDN, NO3 - running waters","TP, SRP, TDN, NO3,",,sampling and lab analysis,,,samplingPrice: 100 (vials + filters)
Biosphere,SOHYD_173,prime,FALSE,sample,Standing water - Profiles P/N (SOHYD_173),2,week,26.08928571428572,1,1,0,euro,0,day,0,year,100,euro,0,day/year,0,euro,2,day/year,,135,euro,0,day/year,,2,2,"Profiles of nutrient concentration: TP, SRP, TDN, NO3, - standing waters","TP, SRP, TDN, NO3,",,sampling and lab analysis,,,samplingPrice: 100 (vials + filters)
Geosphere,SOGEO_001,basic,FALSE,sample | retrieval,Soil inventory (SOGEO_001),1,once,,1,1,0,euro,0,day,0,year,0,euro,0,day/year,0,euro,1,day/year,scientist,0,euro,0,day/year,,0,1,Soil inventory – pedological/geological characterization,"soil texture, particle size distribution, soil pH, CEC and BS, bulk density , organic matter, soil type classification, geological site characterization - one-time measurement (per horizon)",ICOS/ICP Integrated Monitoring/ICP Forests,"All information which can be taken form already available soil profile descriptions or soil maps with sufficient resolution (lt 1:50.000), SO variables that cannot be derived from these data are not mandatory for the Cat2-sites","measurementInterval: once, initial",,
Geosphere,SOGEO_003,basic,FALSE,sample,Soil chemical and physical properties (SOGEO_003),10,year,0.1,1,1,0,euro,0,day,0,year,0,euro,0,day/year,0,euro,0.1,day/year,scientist,200,euro,0.1,day/year,scientist,0,0.2,Soil chemical and physical characteristics,"Total organic C (TOC), CEC Total nitrogen, total phosphorus, plant available P, pH, soil base saturation; by horizon; upper and lower limit of the horizon",ICP FORESTS or ICP IM;,"manual sampling, spatially mixed sample",,,
Geosphere,SOGEO_048,basic,FALSE,modelling,Soil infiltration (SOGEO_048),1,once,,1,1,0,euro,0,day,0,year,0,euro,0,day/year,0,euro,0,day/year,,0,euro,2,day/year,scientist,1,2,percolation/infiltration - soil,infiltration rate - soil,ICP Integrated Monitoring,can be done by modelling,"measurementInterval: once, initial",,processingRawDataEffort: 1 soil scientist (modelling based on soil physical properties measured by SOGEO_001)
Geosphere,SOGEO_155,basic,TRUE,sample,Sediment (aquatic/marine) (SOGEO_155),1,once,,1,1,0,euro,0,day,0,year,0,euro,0,day/year,0,euro,0.5,day/year,technician,50,euro,0.5,day/year,technician,0,1,Sediment (aquatic and marine) inventory,"physical and chemical characterization (particle size distribution, composition, pH, carbon, sulfur)","ICOS, standard methods",sampling and lab analysis,measurementInterval: only initial for habitat characterization,,processingRawDataEffort: 0.5 day / technician
Geosphere,SOGEO_001,prime,FALSE,sample,Soil inventory (SOGEO_001),1,once,,1,1,0,euro,0,day,0,year,0,euro,0,day/year,0,euro,3,day/year,scientist,2000,euro,5,day/year,,0,8,Soil inventory – pedological/geological characterization,"soil texture, particle size distribution, soil pH, CEC and BS, bulk density , organic matter, soil type classification, geological site characterization - one-time measurement (per horizon)",ICOS/ICP Integrated Monitoring/ICP Forests; ICP Forests,,"measurementInterval: once, initial",,samplingEffort: 3 day soil scientist
Geosphere,SOGEO_003,prime,FALSE,sample,Soil chemical and physical properties (SOGEO_003),5,year,0.2,1,1,0,euro,0,day,0,year,0,euro,0,day/year,0,euro,0.2,day/year,scientist,200,euro,0.2,day/year,,0,0.4,Soil chemical and physical characteristics,"Total organic C (TOC), CEC Total nitrogen, total phosphorus, plant available P, pH, soil base saturation; by horizon; upper and lower limit of the horizon",ICOS/ICP Forests;,"Manual sampling; Manual sampling and laboratory analyses, Quantitative, in addition to soil flux chamber measurements",minimumSamplePerSite: 1 profile with 5 horizons,,samplingEffort: 0.2 day soil scientist (1 day/every 5 years)
Geosphere,SOGEO_048,prime,FALSE,sample,Soil infiltration (SOGEO_048),1,once,,1,1,0,euro,0,day,0,year,0,euro,0,day/year,0,euro,2,day/year,,0,euro,0.5,day/year,,1,2.5,percolation/infiltration - soil,infiltration rate - soil,ICP Integrated Monitoring,Ring-infiltrometer,"measurementInterval: similar to SOGEO_001, once, one-time initial measurement using e.g. ring infiltrometers, only for sites with expected variability of soil hydraulic conductivity (e.g. man-made vegetated habitats) a higher frequency might be required (e.g. related to soil cultivation)",,
Geosphere,SOGEO_155,prime,TRUE,sample,Sediment (aquatic/marine) (SOGEO_155),1,once,,1,1,0,euro,0,day,0,year,0,euro,0,day/year,0,euro,0.1,day/year,,100,euro,0.2,day/year,,0,0.30000000000000004,Sediment (aquatic and marine) inventory,"physical and chemical characterization (particle size distribution, composition, pH, carbon, sulfur)","ICOS, standard methods",sampling and lab analysis,"measurementInterval: only initial for habitat characterization, similar to soil inventory a more frequent acquisistion is potentially neccessary",,samplingEffort: 0.1 (one-time initial measurement at the beginning of the eLTER period)
Geosphere,SOGEO_167,prime,FALSE,sample,Soil water chemistry (SOGEO_167),1,month,12,3,3,500,euro,2,day,5,year,200,euro,4,day/year,0,euro,4,day/year,,69,euro,0.5,day/year,,2,10.5,Soil water chemical characteristics,"soil water pH; soil water concentration per horizon: NH4-N, NO3-N, DON, DOC, Cation, Anion","ICP Forest, ICP Integrated Monitoring",Ceramic suction lysimeter + probe; zero tention or tention lysimeter and determination in lab,minimumSamplePerSite: 3 profiles in at minimum 3 depths,upgradeInterval: 5 years +,maintenancePrice: 200 / year
Hydrosphere,SOHYD_004,basic,FALSE,sample | sensor,Standing water - Profiles chemical/physical waters properties (SOHYD_004),1,month,12,1,1,1000,euro,0,day,10,year,0,euro,0,day/year,0,euro,0.5,day/year,,120,euro,0.5,day/year,,1,1,Profiles of physical and chemical waters characteristics - surface water (standing),"lakes, lagoons, reservoirs - water temperature, pH, EC, turbidity, oxygen, water depth",ICP Waters; ICP WATERS; Lower the sensor through the water column and record O2 at the surface and every .5m; https://helcom.fi/media/publications/Guidelines-for-measuring-Secchi-depth.pdf;,CTD probe + lab analysis,,,
Hydrosphere,SOHYD_005,basic,FALSE,sample | sensor,Running water - chemical/physical properties (SOHYD_005),1,month,12,1,1,500,euro,0,day,10,year,0,euro,0,day/year,0,euro,0.5,day/year,,120,euro,0.5,day/year,,0,1,Physical and chemical water characteristics - surface water (running waters),"water temperature, pH, EC, turbidity, oxygen, NO3, SAC 254, water level",ICP Waters,"manual measurement: sampling and lab analyses + CTD; O2, EC can be measured on site by using dedicated sensors but can be measured in the laboratory too.",,,
Hydrosphere,SOHYD_006,basic,FALSE,sensor,Groundwater - chemical/physical properties (SOHYD_006),1,month,12,1,1,4000,euro,0.5,day,10,year,0,euro,0,day/year,0,euro,0.5,day/year,,0,euro,0.5,day/year,,0,1.5,Physical and chemical water characteristics - groundwater,"water temperature, hydraulic head, oxygen, electrical conductivity",TERENO,CTD-probe (handheld),,"purchasePrice: 500 for the sensor, 2.000 - 5.000/well depending on site conditions. upgradeInterval: 10 for the sensor",
Hydrosphere,SOHYD_010,basic,FALSE,retrieval,Running water level (SOHYD_010),1,month,12,,,0,euro,0,day,0,year,0,euro,0,day/year,0,euro,0,day/year,,0,euro,0,day/year,,0,0,water level - surface water (running water),water level (in order to derive river/stream discharge),ICP Waters,"monthly values are available from SOHYD_005. For higher frequency: application of hydrological model (central service, to be discussed) resp. provision of data from national monitoring programs (nearby stations);",,,
Hydrosphere,SOHYD_011,basic,FALSE,retrieval,Standing water - Ice cover/thickness (SOHYD_011),1,week,52.17857142857143,,,0,euro,0,day,0,year,0,euro,0,day/year,0,euro,0,day/year,,0,euro,0,day/year,,0,0,Ice cover/thickness (standing and transitional water),Ice cover/thickness standing and transitional water,"Copernicus product (central service), visual inspection alternatively",Sentinel-2 (Satellite); Sentinel-2 (Satellite).,,,
Hydrosphere,SOHYD_012,basic,FALSE,retrieval,Snow (SOHYD_012),1,week,52.17857142857143,,,0,euro,0,day,0,year,0,euro,0,day/year,0,euro,0,day/year,,0,euro,0,day/year,,0,0,Snow cover and depths,"Snow cover, depth",Copernicus product,Sentinel-2 (Satellite); Sentinel-2 (Satellite).,,,
Hydrosphere,SOHYD_062,basic,FALSE,sample,Groundwater - Major ion concentrations (SOHYD_062),1,month,12,1,1,0,euro,0,day,0,year,100,euro,0,day/year,0,euro,0.3,day/year,,45,euro,0,day/year,,1,0.3,"Major ion concentrations: Cl, SO4, Br, Na, K, Mg, Ca, B - groundwater","Major ion concentrations: Cl, SO4, Br, Na, K, Mg, Ca, B - groundwater",,Ion chromatography / ICP-OES; Laboratory analysis,,,samplingPrice: can be combined with SOHYD_057
Hydrosphere,SOHYD_064,basic,FALSE,sample,Groundwater - Nutrients (SOHYD_064),1,month,12,1,1,0,euro,0,day,0,year,100,euro,0,day/year,0,euro,0.3,day/year,,30,euro,0,day/year,,1,0.3,"Nutrient concentration: TP, SRP, TDN, NO3, NO2, NH4, DOC, DIC - groundwater","Nutrient concentration: TP, SRP, TDN, NO3, NO2, NH4, DOC, DIC - groundwater",,"Laboratory analysis; wet chemistry, TOCmeter, ion chromatography",,,samplingPrice: can be combined with SOHYD_057
Hydrosphere,SOHYD_164,basic,,,Glacier - front variation (SOHYD_164),,,,,,0,euro,0,day,0,year,0,euro,0,day/year,0,euro,0,day/year,,0,euro,0,day/year,,1,0,glacier front variation,glacier front variation,,,,,
Hydrosphere,SOHYD_165,basic,,,Glacier - mass balance (SOHYD_165),,,,,,0,euro,0,day,0,year,0,euro,0,day/year,0,euro,0,day/year,,0,euro,0,day/year,,1,0,glacier mass balance,glacier mass balance,,,,,
Hydrosphere,SOHYD_166,basic,,,Glacier - area (SOHYD_166),,,,,,0,euro,0,day,0,year,0,euro,0,day/year,0,euro,0,day/year,,0,euro,0,day/year,,1,0,glacier area,glacier area,,,,,
Hydrosphere,SOHYD_168,basic,FALSE,sensor,Soil water content/temperature (SOHYD_168),1,hour,8766,1,1,2500,euro,1,day,5,year,300,euro,0.25,day/year,0,euro,0,day/year,,,euro,0.5,day/year,,1,1.75,Soil water content/soil temperature,"Soil water content, soil temperature",ICP FORESTS; ICP FORESTS or relaxed ICOS,"1 soil moisture profiles e.g. in co-location with weather station (10, 20, 50, 100, XXX cm) using Time Domain Reflectometers (TDR); hourly average",,,
Hydrosphere,SOHYD_169,basic,FALSE,sample,Running water - nutrients (SOHYD_169),1,month,12,,,0,euro,0,day,0,year,100,euro,0,day/year,0,euro,0.25,day/year,,45,euro,0,day/year,,1,0.25,"Nutrient concentration: NO2, NH4, DOC, DIC - running waters","NO2, NH4, DOC, DIC",WFD; ICP Water,Laboratory analysis;,,,samplingPrice: Sampling for all surface water sample-based Sos can be combined.
Hydrosphere,SOHYD_170,basic,FALSE,sample,Standing water - Profiles nutrients (SOHYD_170),1,month,12,1,1,0,euro,0,day,0,year,100,euro,0,day/year,0,euro,0.25,day/year,,135,euro,0,day/year,,1,0.25,"Profiles of nutrient concentration: NO2, NH4, DOC, DIC - standing waters","NO2, NH4, DOC, DIC",WFD; ICP Water,Laboratory analysis;,,,samplingPrice: Sampling for all surface water sample-based Sos can be combined.
Hydrosphere,SOHYD_171,basic,FALSE,sample,Surface water - Major ion concentrations (SOHYD_171),1,month,12,1,1,0,euro,0,day,0,year,100,euro,0,day/year,0,euro,0.25,day/year,,45,euro,0,day/year,,2,0.25,"Major ion concentrations: Cl, SO4, Br, Na, K, Mg, Ca, B, Silica - running/standing waters","Major ion concentrations: Cl, SO4, Br, Na, K, Mg, Ca, B, silica",WFD; ICP Water,Ion chromatography / ICP-OES; Laboratory analysis,,,samplingPrice: Sampling for all surface water sample-based Sos can be combined.
Hydrosphere,SOHYD_174,basic,TRUE,sample,Secchi-depth (SOHYD_174),1,month,12,1,,0,euro,0,day,0,year,0,euro,0,day/year,,euro,0,day/year,,0,euro,0,day/year,,0,0,Secchi-Depth; standing waters and transitional waters,Secchi-Depth; standing waters and transitional waters,WFD,Only during vegetation period,,,samplingPrice: Sampling for all surface water sample-based Sos can be combined.
Hydrosphere,SOHYD_004,prime,FALSE,sensor,Standing water - Profiles chemical/physical waters properties (SOHYD_004),2,hour,4383,1,1,75000,euro,1,day,10,year,5000,euro,6,day/year,0,euro,0,day/year,,0,euro,5,day/year,,2,12,Profiles of physical and chemical waters characteristics - surface water (standing),"lakes, lagoons, reservoirs - water temperature, pH, EC, turbidity, oxygen, water depth",TERENO + FINMARI,"Probe comparable or better (signal-noise ration) than YSI 600 R, YSI 600 OMS, YSI 6820 V2 (Yellow Springs Instruments, USA)",measurementInterval: 2 hour (see remark regarding deeper lakes),"purchasePrice: 25,000 multiparamet er probe + 50,000 profiler setup",
Hydrosphere,SOHYD_005,prime,FALSE,sensor,Running water - chemical/physical properties (SOHYD_005),15,minute,35064,1,1,30000,euro,0.5,day,10,year,1500,euro,6,day/year,0,euro,0,day/year,,0,euro,5,day/year,,1,11.5,Physical and chemical water characteristics - surface water (running waters),"water temperature, pH, EC, turbidity, oxygen, NO3, SAC 254, water level",TERENO + FINMARI (ICP Water needs to be checked),"Comparable or equal to combination of Multiparameter probe: YSI 600 R, YSI 600 OMS, YSI 6820 V2 (Yellow Springs Instruments, USA)+ Optical sensor (light extinction at specific wave length in the UV range): TRIOS ProPS-UV, TRIOS OPUS (TriOS Mess- und Datentechnik; measurement of elevation and water depths at two points, submersible vented pressure tranducers",,,
Hydrosphere,SOHYD_006,prime,FALSE,sensor,Groundwater - chemical/physical properties (SOHYD_006),1,hour,8766,5,5,27500,euro,2.5,day,10,year,200,euro,2,day/year,0,euro,0,day/year,,0,euro,5,day/year,,2,9.5,Physical and chemical water characteristics - groundwater,"water temperature, hydraulic head, oxygen, electrical conductivity",protocol needs to describe automated measurement. Suggestion to follow ICOS (Instructions for Water Table Depth Measurements and Op de Beeck et al.'protocol soil-meteorological variables),"multiparameter probe (water level, temperature, EC), oxygen sensor",,purchasePrice: 5.500/well,processingRawDataEffort: 10 days; Depends on what the end product needs to be (see WATINA - in Dutch): real time data transfer? Semi-real time?
Hydrosphere,SOHYD_010,prime,FALSE,sensor,Running water level (SOHYD_010),15,minute,35064,1,1,1000,euro,0.5,day,5,year,200,euro,2,day/year,0,euro,0,day/year,,0,euro,2,day/year,,1,4.5,water level - surface water (running water),water level (in order to derive river/stream discharge),WMO: https://library.wmo.int/doc_num.php?explnum_id=10473,automated water level measurement using CTD or comparable,,"purchasePrice: 1000, + costs for ADCP calibration (stage-discharge relationship), suggestion to provide ADCP via central service",
Hydrosphere,SOHYD_011,prime,FALSE,sample,Standing water - Ice cover/thickness (SOHYD_011),1,day,365.25,1,1,100,euro,0.2,day,2,year,100,euro,0.2,day/year,0,euro,1,day/year,,0,euro,0,day/year,,2,1.4,Ice cover/thickness (standing and transitional water),Ice cover/thickness standing and transitional water,"SITES (inland waters), UHEL (thickness) will contribute protocol of Finnish Environmental Institute",measurement of thickness (drilling) + automated cameras (coverage),"measurementInterval: coverage - 1 day, thickness - 10 days",purchasePrice: camera - 100 Euro,samplingPrice: 1000 (transitional waters)
Hydrosphere,SOHYD_012,prime,FALSE,sensor,Snow (SOHYD_012),1,hour,8766,1,1,100,euro,0.2,day,2,year,100,euro,0.2,day/year,0,euro,0.2,day/year,,0,euro,0,day/year,,1,0.6000000000000001,Snow cover and depths,"Snow cover, depth",WMO: https://library.wmo.int/doc_num.php?explnum_id=9870,Snow cams + snow stakes,,purchasePrice: camera - 100 Euro,
Hydrosphere,SOHYD_058,prime,FALSE,sample,Surface water - Stable isotopes (SOHYD_058),2,week,26.08928571428572,1,1,0,euro,0,day,0,year,100,euro,0,day/year,0,euro,3,day/year,,,euro,0,day/year,,2,3,"Stable isotopes (18O, 2H) - standing, running waters","Stable isotopes (18O, 2H) - standing, running waters",IAEA,"Manual sampling, sending sample to the central lab",,,samplingPrice: 100 (vials + filters). labAnalysisPrice: Central eLTER lab
Hydrosphere,SOHYD_059,prime,FALSE,sample,Groundwater - Stable Isotopes (SOHYD_059),2,week,26.08928571428572,5,5,0,euro,0,day,0,year,100,euro,0,day/year,0,euro,3,day/year,,,euro,0,day/year,,2,3,"Stable Isotopes (18O, 2H) - groundwater","Stable Isotopes (18O, 2H) - groundwater",IAEA,"Manual sampling, sending sample to the central lab",,,samplingPrice: 100 (vials + filters). labAnalysisPrice: Central eLTER lab
Hydrosphere,SOHYD_062,prime,FALSE,sample,Groundwater - Major ion concentrations (SOHYD_062),2,week,26.08928571428572,5,5,0,euro,0,day,0,year,100,euro,0,day/year,0,euro,3,day/year,,45,euro,0,day/year,,2,3,"Major ion concentrations: Cl, SO4, Br, Na, K, Mg, Ca, B - groundwater","Major ion concentrations: Cl, SO4, Br, Na, K, Mg, Ca, B - groundwater",INBO (Belgium) has its local protocol (in Dutch); samples should be taken in the pressure gauges (see SOHYD_006),sampling and lab analysis,,,samplingPrice: 100 (vials + filters)
Hydrosphere,SOHYD_064,prime,FALSE,sample,Groundwater - Nutrients (SOHYD_064),2,week,26.08928571428572,5,5,0,euro,0,day,0,year,100,euro,0,day/year,0,euro,3,day/year,,31,euro,0,day/year,,2,3,"Nutrient concentration: TP, SRP, TDN, NO3, NO2, NH4, DOC, DIC - groundwater","Nutrient concentration: TP, SRP, TDN, NO3, NO2, NH4, DOC, DIC - groundwater",INBO (Belgium) has its local protocol (in Dutch); samples should be taken in the pressure gauges (see SOHYD_006),sampling and lab analysis,,,samplingPrice: 100 (vials + filters)
Hydrosphere,SOHYD_065,prime,FALSE,sample,Groundwater - DOM (SOHYD_065),2,week,26.08928571428572,5,5,0,euro,0,day,0,year,100,euro,0,day/year,0,euro,3,day/year,,10,euro,0,day/year,,2,3,DOM composition - groundwater,DOM composition - groundwater,CNRS,UV-vis spectroscopy,,,samplingPrice: 100 (vials + filters)
Hydrosphere,SOHYD_067,prime,FALSE,sample,Running water - micropollutants (SOHYD_067),2,month,6,1,1,0,euro,0,day,0,year,1000,euro,0,day/year,0,euro,1,day/year,,,euro,0,day/year,,2,1,Micropollutants: non-target screening [~1000 substances] - running waters,Micropollutants: non-target screening [~1000 substances] - running waters,NORMAN,GC/HPLC/MS-MS,,,samplingPrice: 1.000 Euro for sending the frozen sample from 1 year to the central lab. labAnalysisPrice: central lab
Hydrosphere,SOHYD_164,prime,,,Glacier - front variation (SOHYD_164),,,,,,0,euro,0,day,0,year,0,euro,0,day/year,0,euro,0,day/year,,0,euro,0,day/year,,1,0,glacier front variation,glacier front variation,,,"measurementInterval: This SO is only relevant for sites with a glacier in the study area. The decision on the method and protocol is not yet finalised. However, these are standard methods used to study glaciers and are based on remote sensing.",,
Hydrosphere,SOHYD_165,prime,,,Glacier - mass balance (SOHYD_165),,,,,,0,euro,0,day,0,year,0,euro,0,day/year,0,euro,0,day/year,,0,euro,0,day/year,,1,0,glacier mass balance,glacier mass balance,,,"measurementInterval: This SO is only relevant for sites with a glacier in the study area. The decision on the method and protocol is not yet finalised. However, these are standard methods used to study glaciers and are based on remote sensing.",,
Hydrosphere,SOHYD_166,prime,,,Glacier - area (SOHYD_166),,,,,,0,euro,0,day,0,year,0,euro,0,day/year,0,euro,0,day/year,,0,euro,0,day/year,,1,0,glacier area,glacier area,,,"measurementInterval: This SO is only relevant for sites with a glacier in the study area. The decision on the method and protocol is not yet finalised. However, these are standard methods used to study glaciers and are based on remote sensing.",,
Hydrosphere,SOHYD_168,prime,FALSE,sensor,Soil water content/temperature (SOHYD_168),1,minute,525960,1,1,22000,euro,2,day,0,year,2000,euro,1.5,day/year,0,euro,0,day/year,,0,euro,2,day/year,,1,5.5,Soil water content/soil temperature,"Soil water content, soil temperature",COSMOS Europe; ICOS (Instructions for soil moisture measurements),"Cosmic-ray neutron probes: comparable or better than CRS1000, CRS2000/B (from Hydroinnova, Boron probes from Styx Neutronica; Time-Domain Reflectometer = TDR (e.g. Campbell Scientific Europe CS650) Addition of 4 soil moisture profiles within the CRNS footprint (10, 20, 50, 100, XXX cm) using Time Domain Reflectometers (TDR)",,"purchasePrice: 15,000 CRNS, 7,000 Euro TDR",labAnalysisPrice: 500 (calibration CRNS)
Hydrosphere,SOHYD_169,prime,FALSE,sample,Running water - nutrients (SOHYD_169),2,week,26.08928571428572,1,1,0,euro,0,day,0,year,100,euro,0,day/year,0,euro,0.5,day/year,,45,euro,0,day/year,,2,0.5,"Nutrient concentration: NO2, NH4, DOC, DIC - running waters","NO2, NH4, DOC, DIC",,sampling and lab analysis,,,samplingPrice: 100 (vials + filters)
Hydrosphere,SOHYD_170,prime,FALSE,sample,Standing water - Profiles nutrients (SOHYD_170),2,week,26.08928571428572,1,1,0,euro,0,day,0,year,100,euro,0,day/year,0,euro,0.5,day/year,,135,euro,0,day/year,,2,0.5,"Profiles of nutrient concentration: NO2, NH4, DOC, DIC - standing waters","NO2, NH4, DOC, DIC",,sampling and lab analysis,,,
Hydrosphere,SOHYD_171,prime,FALSE,sample,Surface water - Major ion concentrations (SOHYD_171),2,week,26.08928571428572,5,5,0,euro,0,day,0,year,100,euro,0,day/year,0,euro,0.5,day/year,,45,euro,0,day/year,,2,0.5,"Major ion concentrations: Cl, SO4, Br, Na, K, Mg, Ca, B, Silica - running/standing waters","Major ion concentrations: Cl, SO4, Br, Na, K, Mg, Ca, B, silica",INBO (Belgium) has its local protocol (in Dutch); samples should be taken in the pressure gauges (see SOHYD_006),sampling and lab analysis,,,samplingPrice: 100 (vials + filters)
Hydrosphere,SOHYD_174,prime,TRUE,sample,Secchi-depth (SOHYD_174),2,week,26.08928571428572,1,,0,euro,0,day,0,year,0,euro,0,day/year,,euro,1.5,day/year,,0,euro,0,day/year,,1,1.5,Secchi-Depth; standing waters and transitional waters,Secchi-Depth; standing waters and transitional waters,WFD,Sampling,,,samplingPrice: Measurement can be combined with other sampling Sos
Sociosphere,SOSOC_029,basic,FALSE,retrieval,Area - under tillage (SOSOC_029),1,year,1,,,0,euro,0,day,0,year,0,euro,0,day/year,0,euro,0,day/year,,0,euro,0,day/year,,0,0,Area under tillage,Area under tillage,eLTER,official statistics,,,
Sociosphere,SOSOC_030,basic,FALSE,retrieval,Yield (SOSOC_030),1,year,1,,,0,euro,0,day,0,year,0,euro,0,day/year,0,euro,0,day/year,,0,euro,0,day/year,,0,0,Land-based income,Land-based income,eLTER,official statistics,,,
Sociosphere,SOSOC_031,basic,FALSE,retrieval,Land-based income (SOSOC_031),1,year,1,,,0,euro,0,day,0,year,0,euro,0,day/year,0,euro,0,day/year,,0,euro,0,day/year,,0,0,"Yield (cropland, grassland, forest, fishery)","Yield (cropland, grassland, forest, fishery) (t/ha and year)",eLTER,official statistics,,,
Sociosphere,SOSOC_032,basic,FALSE,retrieval,Governance (SOSOC_032),2,year,0.5,,,0,euro,0,day,0,year,0,euro,0,day/year,0,euro,0,day/year,,0,euro,0,day/year,,0,0,Governance structure and character,Governance structure and character,eLTER,official statistics,,,
Sociosphere,SOSOC_036,basic,TRUE,retrieval,Land cover and use (CORINE) (SOSOC_036),6,year,0.1666666666666667,,,0,euro,0,day,0,year,0,euro,0,day/year,0,euro,0,day/year,,0,euro,0,day/year,,0,0,"Land cover, land use, land cover change, land use change (CORINE)","Land cover, land use, land cover change, land use change (CORINE)",eLTER,CORINE data,,,
Sociosphere,SOSOC_037,basic,FALSE,retrieval,Land cover and use (Statistics) (SOSOC_037),3,year,0.3333333333333333,,,0,euro,0,day,0,year,0,euro,0,day/year,0,euro,0,day/year,,0,euro,0,day/year,,0,0,"Land cover, land use, land cover change, land use change (Statistics)","Land cover, land use, land cover change, land use change (Statistics)",eLTER,official statistics,,,
Sociosphere,SOSOC_040,basic,FALSE,retrieval,Ecosystem services (SOSOC_040),3,year,0.3333333333333333,,,0,euro,0,day,0,year,0,euro,0,day/year,0,euro,0,day/year,,0,euro,0,day/year,,0,0,Ecosystem services profile,Bundle of variables describing the ecosystem service profile,eLTER,quantitative,,,
Sociosphere,SOSOC_042,basic,FALSE,retrieval,Economics - GDP (SOSOC_042),1,year,1,,,0,euro,0,day,0,year,0,euro,0,day/year,0,euro,0,day/year,,0,euro,0,day/year,,0,0,Economics (GDP per capita; Per capita income),Economics (GDP per capita; Per capita income),eLTER,official statistics,,,
Sociosphere,SOSOC_043,basic,FALSE,retrieval,Demography (SOSOC_043),5,year,0.2,,,0,euro,0,day,0,year,0,euro,0,day/year,0,euro,0,day/year,,0,euro,0,day/year,,0,0,Demography,Demography (Total population size and density; Population age profile; educational attainment; residential density),eLTER,official statistics,,,
Sociosphere,SOSOC_044,basic,FALSE,retrieval,Employment (SOSOC_044),5,year,0.2,,,0,euro,0,day,0,year,0,euro,0,day/year,0,euro,0,day/year,,0,euro,0,day/year,,0,0,Status of employment,Employment (Employment rate %; Employment by sector; Unemployment),eLTER,official statistics,,,
Sociosphere,SOSOC_045,basic,FALSE,retrieval,Consumption statistics (SOSOC_045),1,year,1,,,0,euro,0,day,0,year,0,euro,0,day/year,0,euro,0,day/year,,0,euro,0,day/year,,0,0,Population consumption statistics,Population consumption statistics,eLTER,official statistics,,,
Sociosphere,SOSOC_114,basic,FALSE,retrieval,Livestock (SOSOC_114),1,year,1,,,0,euro,0,day,0,year,0,euro,0,day/year,0,euro,0,day/year,,0,euro,0,day/year,,0,0,Livestock,Livestock numbers; only Prime: feed management,eLTER,official statistics,,,
Sociosphere,SOSOC_183,basic,TRUE,retrieval,Resource use (SOSOC_183),1,year,1,,,0,euro,0,day,0,year,0,euro,0,day/year,0,euro,0,day/year,,0,euro,0,day/year,,0,0,Resource use,"Resource use (biomass, construction, iron/steel, fossil fuels), trade of resources",eLTER,official statistics,,,
Sociosphere,SOSOC_184,basic,FALSE,retrieval,Subsidies (SOSOC_184),1,year,1,,,0,euro,0,day,0,year,0,euro,0,day/year,0,euro,0,day/year,,0,euro,0,day/year,,0,0,Subsidies programs / schemes,Subsidies programs / schemes,eLTER,official statistics,,,
Sociosphere,SOSOC_185,basic,FALSE,retrieval,Agricultural products (cropland) (SOSOC_185),1,year,1,,,0,euro,0,day,0,year,0,euro,0,day/year,0,euro,0,day/year,,0,euro,0,day/year,,0,0,Agricultural products (cropland),Agricultural products,eLTER,official statistics,,,
Sociosphere,SOSOC_029,prime,FALSE,retrieval,Area - under tillage (SOSOC_029),,year,1,,,0,euro,0,day,0,year,0,euro,0,day/year,0,euro,8,day/year,,0,euro,7,day/year,,0,15,Area under tillage,Area under tillage,eLTER,site specific survey,,,
Sociosphere,SOSOC_030,prime,FALSE,retrieval,Land-based income (SOSOC_030),,year,1,,,0,euro,0,day,0,year,0,euro,0,day/year,0,euro,8,day/year,,0,euro,7,day/year,,0,15,Land-based income,Land-based income,eLTER,site specific survey,,,
Sociosphere,SOSOC_031,prime,FALSE,retrieval,Yield (SOSOC_031),,year,1,,,0,euro,0,day,0,year,0,euro,0,day/year,0,euro,8,day/year,,0,euro,7,day/year,,0,15,"Yield (cropland, grassland, forest, fishery)","Yield (cropland, grassland, forest, fishery) (t/ha and year)",eLTER,site specific survey,,,
Sociosphere,SOSOC_032,prime,FALSE,retrieval,Governance (SOSOC_032),5,year,0.2,,,0,euro,0,day,0,year,0,euro,0,day/year,0,euro,8,day/year,,0,euro,1.4,day/year,,0,9.4,Governance structure and character,Governance structure and character,"eLTER, trained staff",site specific survey,,,
Sociosphere,SOSOC_036,prime,TRUE,retrieval,Land cover and use (CORINE) (SOSOC_036),6,year,0.1666666666666667,,,0,euro,0,day,0,year,0,euro,0,day/year,0,euro,0.5,day/year,,0,euro,1,day/year,,0,1.5,"Land cover, land use, land cover change, land use change (CORINE)","Land cover, land use, land cover change, land use change (CORINE)",eLTER,CORINE data,,,
Sociosphere,SOSOC_037,prime,FALSE,retrieval,Land cover and use (Statistics) (SOSOC_037),1,year,1,,,0,euro,0,day,0,year,0,euro,0,day/year,0,euro,8,day/year,,0,euro,7,day/year,,0,15,"Land cover, land use, land cover change, land use change (Statistics)","Land cover, land use, land cover change, land use change (Statistics)",eLTER,official statistics,,,
Sociosphere,SOSOC_040,prime,FALSE,retrieval,Ecosystem services (SOSOC_040),3,year,0.3333333333333333,,,0,euro,0,day,0,year,0,euro,0,day/year,0,euro,2,day/year,,0,euro,1.5,day/year,,0,3.5,Ecosystem services profile,Bundle of variables describing the ecosystem service profile,eLTER,quantitative,,,samplingEffort: 5.0 (only first time); then afterwards 2.0. processingRawDataEffort: 3.0 (only first time); then afterwards 1.5.
Sociosphere,SOSOC_042,prime,FALSE,retrieval,Economics - GDP (SOSOC_042),,year,1,,,0,euro,0,day,0,year,0,euro,0,day/year,0,euro,8,day/year,,0,euro,7,day/year,,0,15,Economics (GDP per capita; Per capita income),Economics (GDP per capita; Per capita income),eLTER,national statistics,,,
Sociosphere,SOSOC_043,prime,FALSE,retrieval,Demography (SOSOC_043),1,year,1,,,0,euro,0,day,0,year,0,euro,0,day/year,0,euro,8,day/year,,0,euro,7,day/year,,0,15,Demography,Demography (Total population size and density; Population age profile; educational attainment; residential density),eLTER,national census data,,,
Sociosphere,SOSOC_044,prime,FALSE,retrieval,Employment (SOSOC_044),1,year,1,,,0,euro,0,day,0,year,0,euro,0,day/year,0,euro,8,day/year,,0,euro,7,day/year,,0,15,Status of employment,Employment (Employment rate %; Employment by sector; Unemployment),eLTER,national census data,,,
Sociosphere,SOSOC_045,prime,FALSE,retrieval,Consumption statistics (SOSOC_045),1,year,1,,,0,euro,0,day,0,year,0,euro,0,day/year,0,euro,8,day/year,,0,euro,7,day/year,,0,15,Population consumption statistics,Population consumption statistics,eLTER,national census data,,,
Sociosphere,SOSOC_114,prime,FALSE,retrieval,Livestock (SOSOC_114),,seasonal,4,,,0,euro,0,day,0,year,0,euro,0,day/year,0,euro,8,day/year,,0,euro,7,day/year,,0,15,Livestock,Livestock numbers; only Prime: feed management,eLTER,site specific survey,,,
Sociosphere,SOSOC_183,prime,TRUE,retrieval,Resource use (SOSOC_183),1,year,1,,,0,euro,0,day,0,year,0,euro,0,day/year,0,euro,0,day/year,,0,euro,1,day/year,,0,1,Resource use,"Resource use (biomass, construction, iron/steel, fossil fuels), trade of resources",eLTER,official statistics,,,
Sociosphere,SOSOC_184,prime,FALSE,retrieval,Subsidies (SOSOC_184),1,year,1,,,0,euro,0,day,0,year,0,euro,0,day/year,0,euro,8,day/year,,0,euro,7,day/year,,0,15,Subsidies programs / schemes,Subsidies programs / schemes,eLTER,site specific survey,,,
Sociosphere,SOSOC_185,prime,FALSE,retrieval,Agricultural products (cropland) (SOSOC_185),,year,1,,,0,euro,0,day,0,year,0,euro,0,day/year,0,euro,8,day/year,,0,euro,7,day/year,,0,15,Agricultural products (cropland),Agricultural products,eLTER,site specific survey,,,
